Alumni Chapters and Clubs,Location,Founding Date,Years Active,Province
Zeta Tau *,"St. Petersburg, FL","December 10, 1960",,
Zeta Upsilon *,"Washington, D.C.","December 18, 1961",,
Zeta Phi *,"Beaumont, TX","March 25, 1962",,
Zeta Chi,"Dayton, OH","February 14, 1967",1967–present,Alpha South
Zeta Psi *,"Philadelphia, PA","June 4, 1967",,
Zeta Omega *,"Spartanburg-Greenville, SC","April 12, 1969",,
Eta Alpha *,"Pueblo, CO","May 25, 1969",,
Eta Beta *,"Brownwood, TX","November 14, 1969",,
Eta Gamma *,"Ft. Collins, Co","March 7, 1970",,
