Week,Date,Opponent,Score,Result,Attendance,Record,Irrelevant_1,Unused_2,Irrelevant_3
1,"Thursday, Aug 11",vs. Winnipeg Blue Bombers,35–21,Loss,"31,837",0–1,FOSZswb,,NJC5e
2,"Monday, Aug 15",at Edmonton Eskimos,33–14,Loss,"17,500",0–2,k2qmazf,,15w54
3,"Saturday, Aug 20",vs. Saskatchewan Roughriders,27–12,Win,"29,532",1–2,bqIjp,,vQhvbpra
4,"Monday, Aug 22",at Calgary Stampeders,26–19,Win,n/a,2–2,upgkY5sb,,xHdyTnuB
5,"Monday, Aug 29",vs. Edmonton Eskimos,26–0,Loss,"28,420",2–3,2alWt,,H62p7kj
6,"Thursday, Sept 1",at Winnipeg Blue Bombers,19–14,Loss,"18,297",2–4,AZgnX,,x6aUv9
7,"Monday, Sept 5",at Saskatchewan Roughriders,31–21,Win,"14,105",3–4,pXA4cvkp,,YuHyJ3
8,"Monday, Sept 12",vs. Calgary Stampeders,21–21,Tie,"27,759",3–4–1,KC6Tw,,rfWGOP
