Rnd,Date,Race Name,Circuit,City/Location,Pole position,Fastest lap,Winning driver,Winning team,Report,Filler_1,Dummy_Col_2
10,July 9,Texaco/Havoline 200,Road America,"Elkhart Lake, Wisconsin",Jacques Villeneuve,Jacques Villeneuve,Jacques Villeneuve,Team Green,Report,Mnurd,kwKpu
11,July 16,Molson Indy Toronto,Exhibition Place,"Toronto, Ontario",Jacques Villeneuve,Bobby Rahal,Michael Andretti,Newman/Haas Racing,Report,YdrdPYdn,vhLLmJIB
12,July 23,Budweiser Grand Prix of Cleveland,Cleveland Burke Lakefront Airport,"Cleveland, Ohio",Gil de Ferran,Jacques Villeneuve,Jacques Villeneuve,Team Green,Report,GJfge,EIChQNP
13,July 30,Marlboro 500,Michigan International Speedway,"Brooklyn, Michigan",Parker Johnstone,Parker Johnstone,Scott Pruett,Patrick Racing,Report,KElIlKIO,XbJnoQL
14,August 13,Miller Genuine Draft 200,Mid-Ohio Sports Car Course,"Lexington, Ohio",Jacques Villeneuve,"Al Unser, Jr.","Al Unser, Jr.",Marlboro Team Penske,Report,ZBwihy,CvUHD
15,August 20,New England 200,New Hampshire Motor Speedway,"Loudon, New Hampshire",André Ribeiro,Teo Fabi,André Ribeiro,Tasman Motorsports,Report,pEWxLU,UtvFoNw
16,September 3,Molson Indy Vancouver,Streets of Vancouver,"Vancouver, British Columbia",Jacques Villeneuve,Bobby Rahal,"Al Unser, Jr.",Marlboro Team Penske,Report,suswOXlT,vpXGFk
17,September 10,Toyota Grand Prix of Monterey,Laguna Seca Raceway,"Monterey, California",Jacques Villeneuve,Gil de Ferran,Gil de Ferran,Jim Hall Racing,Report,IqUcwzOB,CONTX
