Week,Date,Opponent,Result,Attendance,Unused_1,Filler_2,Irrelevant_3
1,"September 15, 1974",New York Jets,W 24–16,"74,854",,iJFvt,lZWTlPHm
2,"September 22, 1974",at Oakland Raiders,L 27–7,"48,108",,ccBoRe,iDnZcZ
3,"September 29, 1974",at Houston Oilers,W 17–7,"28,538",,FRKhDqV,dwDp6
4,"October 6, 1974",Denver Broncos,L 17–14,"67,298",,jHXzQp,A2vnk
5,"October 13, 1974",Pittsburgh Steelers,L 34–24,"65,517",,TGTMliS,HRjZDIE
6,"October 20, 1974",at Miami Dolphins,L 9–3,"67,779",,rFkejms,LAK8Sy8u
7,"October 27, 1974",at San Diego Chargers,W 24–14,"34,371",,wdFhbhy,oKuPWN
