Player,Team,Date,Opponent,Venue,Irrelevant_1,Filler_2
Tony Lazzeri,New York Yankees,"May 24, 1936",Philadelphia Athletics,Shibe Park,jTvbpyz,WDkAG
Jim Tabor,Boston Red Sox,"July 4, 19393",Philadelphia Athletics,Shibe Park,1yGR5D07,uZiqlMw
Rudy York,Boston Red Sox,"July 27, 1946",St. Louis Browns,Sportsman's Park,3VqAU,DALSNftY
Jim Gentile,Baltimore Orioles,"May 9, 1961",Minnesota Twins,Metropolitan Stadium,VIBesB2a,WQxaMpH
Tony Cloninger4,Atlanta Braves,"July 3, 1966",San Francisco Giants,Candlestick Park,nYILZTgR,vgeTOe
Jim Northrup,Detroit Tigers,"June 24, 1968",Cleveland Indians,Cleveland Stadium,muwevm,KPznv
Frank Robinson,Baltimore Orioles,"June 26, 1970",Washington Senators,RFK Stadium,0VN3DmSd,oZxEA
